sentid,token,lemmas,pos,coreference
1,Coronavirus,Coronavirus,PROPN,_
1,-,-,PUNCT,_
1,infected,infect,VERB,_
1,Chinese,chinese,ADJ,(1
1,tourist,tourist,NOUN,1)
1,being,be,VERB,_
1,treated,treat,VERB,_
1,in,in,ADP,_
1,Thailand,Thailand,PROPN,_
1,.,.,PUNCT,_
2,A,a,DET,(1
2,Chinese,chinese,ADJ,1
2,tourist,tourist,NOUN,1)
2,was,be,VERB,_
2,found,find,VERB,_
2,to,to,PART,_
2,be,be,VERB,_
2,infected,infect,VERB,_
2,with,with,ADP,_
2,the,the,DET,(2
2,new,new,ADJ,2
2,strain,strain,NOUN,2
2,of,of,ADP,2
2,coronavirus,coronavirus,NOUN,2)
2,when,when,ADV,_
2,she,-PRON-,PRON,(1)
2,arrived,arrive,VERB,_
2,in,in,ADP,_
2,Thailand,Thailand,PROPN,_
2,",",",",PUNCT,_
2,is,be,VERB,_
2,being,be,VERB,_
2,treated,treat,VERB,_
2,in,in,ADP,_
2,hospital,hospital,NOUN,_
2,and,and,CCONJ,_
2,is,be,VERB,_
2,expected,expect,VERB,_
2,to,to,PART,_
2,be,be,VERB,_
2,discharged,discharge,VERB,_
2,in,in,ADP,_
2,a,a,DET,_
2,few,few,ADJ,_
2,days,day,NOUN,_
2,",",",",PUNCT,_
2,Public,Public,PROPN,(3
2,Health,Health,PROPN,3
2,Minister,Minister,PROPN,3
2,Anutin,Anutin,PROPN,3
2,Charnvirakul,Charnvirakul,PROPN,3)
2,said,say,VERB,_
2,on,on,ADP,_
2,Monday,Monday,PROPN,_
2,.,.,PUNCT,_
3,Mr,Mr,PROPN,(3
3,Anutin,Anutin,PROPN,3)
3,said,say,VERB,_
3,the,the,DET,(1
3,61-year,61-year,ADJ,1
3,-,-,PUNCT,1
3,old,old,ADJ,1
3,woman,woman,NOUN,1)
3,was,be,VERB,_
3,recovering,recover,VERB,_
3,at,at,ADP,_
3,Bamrasnaradura,Bamrasnaradura,PROPN,_
3,Infectious,Infectious,PROPN,_
3,Diseases,Diseases,PROPN,_
3,Institute,Institute,PROPN,_
3,in,in,ADP,_
3,Nonthaburi,Nonthaburi,PROPN,_
3,province,province,NOUN,_
3,.,.,PUNCT,_
4,She,-PRON-,PRON,(1)
4,now,now,ADV,_
4,had,have,VERB,_
4,no,no,DET,_
4,fever,fever,NOUN,_
4,or,or,CCONJ,_
4,any,any,DET,_
4,respiratory,respiratory,ADJ,_
4,symptoms,symptom,NOUN,_
4,.,.,PUNCT,_
5,If,if,ADP,_
5,doctors,doctor,NOUN,_
5,gave,give,VERB,_
5,her,-PRON-,PRON,(1)
5,a,a,DET,_
5,clearance,clearance,NOUN,_
5,she,-PRON-,PRON,(1)
5,would,would,VERB,_
5,be,be,VERB,_
5,allowed,allow,VERB,_
5,to,to,PART,_
5,go,go,VERB,_
5,home,home,ADV,_
5,in,in,ADP,_
5,a,a,DET,_
5,few,few,ADJ,_
5,days,day,NOUN,_
5,",",",",PUNCT,_
5,said,say,VERB,_
5,Mr,Mr,PROPN,(3
5,Anutin,Anutin,PROPN,3)
5,.,.,PUNCT,_
6,Sixteen,sixteen,NUM,_
6,other,other,ADJ,_
6,people,people,NOUN,_
6,who,who,PRON,_
6,were,be,VERB,_
6,close,close,ADJ,_
6,to,to,ADP,_
6,the,the,DET,(1
6,woman,woman,NOUN,1)
6,on,on,ADP,_
6,the,the,DET,_
6,same,same,ADJ,_
6,flight,flight,NOUN,_
6,were,be,VERB,_
6,examined,examine,VERB,_
6,",",",",PUNCT,_
6,and,and,CCONJ,_
6,the,the,DET,_
6,results,result,NOUN,_
6,were,be,VERB,_
6,negative,negative,ADJ,_
6,",",",",PUNCT,_
6,he,-PRON-,PRON,(3)
6,said,say,VERB,_
6,.,.,PUNCT,_
7,Mr,Mr,PROPN,(3
7,Anutin,Anutin,PROPN,3)
7,said,say,VERB,_
7,59,59,NUM,(4
7,people,people,NOUN,4)
7,in,in,ADP,_
7,China,China,PROPN,_
7,have,have,VERB,_
7,been,be,VERB,_
7,confirmed,confirm,VERB,_
7,infected,infected,ADJ,_
7,with,with,ADP,_
7,the,the,DET,(2
7,new,new,ADJ,2
7,strain,strain,NOUN,2
7,of,of,ADP,2
7,the,the,DET,2
7,coronavirus,coronavirus,NOUN,2)
7,",",",",PUNCT,_
7,which,which,DET,(2)
7,has,have,VERB,_
7,been,be,VERB,_
7,linked,link,VERB,_
7,to,to,ADP,_
7,a,a,DET,_
7,sudden,sudden,ADJ,_
7,outbreak,outbreak,NOUN,_
7,of,of,ADP,_
7,pneumonia,pneumonia,NOUN,_
7,in,in,ADP,_
7,central,central,ADJ,_
7,China,China,PROPN,_
7,.,.,PUNCT,_
8,One,one,NUM,_
8,of,of,ADP,_
8,them,-PRON-,PRON,(4)
8,died,die,VERB,_
8,.,.,PUNCT,_
9,All,all,DET,(4)
9,had,have,VERB,_
9,attended,attend,VERB,_
9,big,big,ADJ,_
9,markets,market,NOUN,_
9,selling,sell,VERB,_
9,animals,animal,NOUN,_
9,and,and,CCONJ,_
9,seafood,seafood,NOUN,_
9,in,in,ADP,_
9,Wuhan,Wuhan,PROPN,_
9,city,city,NOUN,_
9,.,.,PUNCT,_
10,They,-PRON-,PRON,(4)
10,were,be,VERB,_
10,either,either,CCONJ,_
10,workers,worker,NOUN,_
10,or,or,CCONJ,_
10,buyers,buyer,NOUN,_
10,.,.,PUNCT,_
11,There,there,ADV,_
11,had,have,VERB,_
11,not,not,ADV,_
11,been,be,VERB,_
11,any,any,DET,_
11, , ,SPACE,_
11,human,human,NOUN,_
11,-,-,PUNCT,_
11,to,to,ADP,_
11,-,-,PUNCT,_
11,human,human,ADJ,_
11,transmission,transmission,NOUN,_
11,of,of,ADP,_
11,the,the,DET,(2
11,virus,virus,NOUN,2)
11,.,.,PUNCT,_
12,The,the,DET,(1
12,ill,ill,ADJ,1
12,Chinese,chinese,ADJ,1
12,woman,woman,NOUN,1)
12,was,be,VERB,_
12,the,the,DET,(1
12,first,first,ADJ,1
12,person,person,NOUN,1)
12,detected,detect,VERB,_
12,with,with,ADP,_
12,the,the,DET,(2
12,virus,virus,NOUN,2)
12,outside,outside,ADP,_
12,China,China,PROPN,_
12,.,.,PUNCT,_
13,Her,-PRON-,DET,(1)
13,discovery,discovery,NOUN,_
13,and,and,CCONJ,_
13,successful,successful,ADJ,_
13,treatment,treatment,NOUN,_
13,was,be,VERB,_
13,indicative,indicative,ADJ,_
13,of,of,ADP,_
13,the,the,DET,_
13,efficiency,efficiency,NOUN,_
13,and,and,CCONJ,_
13,effectiveness,effectiveness,NOUN,_
13,of,of,ADP,_
13,health,health,NOUN,_
13,services,service,NOUN,_
13,in,in,ADP,_
13,Thailand,Thailand,PROPN,_
13,",",",",PUNCT,_
13,Mr,Mr,PROPN,(3
13,Anutin,Anutin,PROPN,3)
13,said,say,VERB,_
13,.,.,PUNCT,_
14,Health,health,NOUN,(5
14,officials,official,NOUN,5)
14,have,have,VERB,_
14,been,be,VERB,_
14,checking,check,VERB,_
14,passengers,passenger,NOUN,_
14,from,from,ADP,_
14,Wuhan,Wuhan,PROPN,_
14,arriving,arrive,VERB,_
14,at,at,ADP,_
14,Suvarnabhumi,Suvarnabhumi,PROPN,_
14,",",",",PUNCT,_
14,Don,Don,PROPN,_
14,Mueang,Mueang,PROPN,_
14,",",",",PUNCT,_
14,Phuket,Phuket,PROPN,_
14,and,and,CCONJ,_
14,Chiang,Chiang,PROPN,_
14,Mai,Mai,PROPN,_
14,airports,airport,NOUN,_
14,since,since,ADP,_
14,Jan,Jan,PROPN,_
14,3,3,NUM,_
14,.,.,PUNCT,_
15,They,-PRON-,PRON,(5)
15,had,have,VERB,_
15,found,find,VERB,_
15,12,12,NUM,_
15,ill,ill,ADJ,_
15,passengers,passenger,NOUN,_
15,who,who,PRON,_
15,justified,justify,VERB,_
15,being,be,VERB,_
15,quarantined,quarantine,VERB,_
15,.,.,PUNCT,_
16,Eight,eight,NUM,_
16,had,have,VERB,_
16,so,so,ADV,_
16,far,far,ADV,_
16,been,be,VERB,_
16,treated,treat,VERB,_
16,and,and,CCONJ,_
16,discharged,discharge,VERB,_
16,from,from,ADP,_
16,hospital,hospital,NOUN,_
16,.,.,PUNCT,_
17,The,the,DET,(1
17,Chinese,chinese,ADJ,1
17,woman,woman,NOUN,1)
17,was,be,VERB,_
17,being,be,VERB,_
17,was,be,VERB,_
17,treated,treat,VERB,_
17,in,in,ADP,_
17,an,an,DET,_
17,isolation,isolation,NOUN,_
17,ward,ward,NOUN,_
17,.,.,PUNCT,_
18,Her,-PRON-,DET,(1)
18,infection,infection,NOUN,_
18,with,with,ADP,_
18,the,the,DET,(2
18,new,new,ADJ,2
18,coronavirus,coronavirus,NOUN,2)
18,was,be,VERB,_
18,confirmed,confirm,VERB,_
18,on,on,ADP,_
18,Sunday,Sunday,PROPN,_
18,",",",",PUNCT,_
18,Mr,Mr,PROPN,(3
18,Anutin,Anutin,PROPN,3)
18,said,say,VERB,_
18,.,.,PUNCT,_
19,The,the,DET,(3
19,Public,Public,PROPN,3
19,Health,Health,PROPN,3
19,Ministry,Ministry,PROPN,3)
19,had,have,VERB,_
19,not,not,ADV,_
19,found,find,VERB,_
19,anyone,anyone,NOUN,_
19,else,else,ADV,_
19,infected,infect,VERB,_
19,with,with,ADP,_
19,it,-PRON-,PRON,(2)
19,",",",",PUNCT,_
19,he,-PRON-,PRON,(3)
19,said,say,VERB,_
19,.,.,PUNCT,_
20,One,one,NUM,_
20,of,of,ADP,_
20,Wuhan,Wuhan,PROPN,_
20,’s,’s,PROPN,_
20,largest,large,ADJ,_
20,meat,meat,NOUN,_
20,and,and,CCONJ,_
20,seafood,seafood,NOUN,_
20,markets,market,NOUN,_
20,was,be,VERB,_
20,pinpointed,pinpoint,VERB,_
20,as,as,ADP,_
20,the,the,DET,_
20,centre,centre,NOUN,_
20,of,of,ADP,_
20,the,the,DET,_
20,mysterious,mysterious,ADJ,_
20, , ,SPACE,_
20,pneumonia,pneumonia,NOUN,_
20,outbreak,outbreak,NOUN,_
20,and,and,CCONJ,_
20,was,be,VERB,_
20,shut,shut,VERB,_
20,down,down,PART,_
20,on,on,ADP,_
20,Jan.,January,PROPN,_
20,1,1,NUM,_
20,.,.,PUNCT,_
21,The,the,DET,_
21,man,man,NOUN,_
21,who,who,PRON,_
21,died,die,VERB,_
21,had,have,VERB,_
21,been,be,VERB,_
21,a,a,DET,_
21,customer,customer,NOUN,_
21,at,at,ADP,_
21,that,that,DET,_
21,market,market,NOUN,_
21,.,.,PUNCT,_
22,Chinese,chinese,ADJ,_
22,scientists,scientist,NOUN,_
22,identified,identify,VERB,_
22,the,the,DET,(2
22,new,new,ADJ,2
22,virus,virus,NOUN,2
22,strain,strain,NOUN,2)
22,last,last,ADJ,_
22,week,week,NOUN,_
22,.,.,PUNCT,_